	summarized	lineages	abundances	resid	coverage
2022-1-18-TX-BW-DSHS-Sample-FDA-2-3_variants.tsv	[('Omicron', 0.6666669999912143), ('Other', 0.33259651298811166)]	B.1.1.529 BA.1.1.14 BA.1.1.8 BA.1.1 BA.1.1.2 BA.1.1.11 BA.1.1.7 BA.1.1.12 P.7 B.1.1.148 B.1.1.75 B.1.1.306 B.1.1.398 B.1.1.117 B.1.1.57 B.1.1.169 B.1.1.438 B.1.1.440 B.1.1.25 B.1.1.134 B.1.1.118 B.1.1.200 B.1.1.119 B.1.1.164 B.1.1.372 B.1.1.83 B.1.1.166 B.1.1.254 B.1.1.28 B.1.1.34 B.1.1.71 B.1.1.5 B.1.1.204 B.1.1.45 B.1.1.40 B.1.1.161 B.59 B.1.1.382 B.1.1.194 B.1.1.58 B.1.1.55 B.1.1 B.1.1.513 B.1.1.41 B.1.1.301 B.1.1.329 B.1.1.299 B.1.1.225 B.1.1.137 B.1.1.170 B.1.1.4 B.1.1.373 B.1.240 B.1.1.434 D.2 B.1.1.116 B.1.1.154 C.2.1 B.1.1.242 B.1.1.517	0.16666700 0.07142857 0.07142857 0.07142857 0.07142857 0.07142857 0.07142857 0.07142857 0.02392588 0.00806704 0.00806704 0.00806704 0.00806704 0.00806704 0.00806704 0.00806704 0.00806704 0.00806704 0.00806704 0.00806704 0.00806704 0.00806704 0.00806704 0.00806704 0.00806704 0.00806704 0.00806704 0.00806704 0.00806704 0.00806704 0.00806704 0.00806704 0.00806704 0.00806704 0.00806704 0.00806704 0.00806704 0.00806704 0.00806704 0.00806704 0.00806704 0.00806704 0.00806704 0.00806704 0.00806704 0.00806704 0.00806704 0.00034174 0.00024616 0.00019559 0.00019114 0.00017984 0.00014597 0.00014377 0.00013434 0.00011633 0.00011325 0.00011226 0.00010175 0.00010085	1.3316382298403178	4.310604287195265
2022-08-11-TX-BW-DSHS-Sample-FDA-2-60_variants.tsv	[('BA.5* [Omicron (BA.5.X)]', 0.999908999998146)]	BA.5.3.1 BA.5.3 BA.5.2.3 BA.5.1.1 BA.5.1 BA.5.2.2 BE.3	0.94926240 0.03298684 0.01183540 0.00462877 0.00085099 0.00023600 0.00010860	1.8083182417107733	72.05297127378523
